ID,class
10000,86
10001,62
10002,18
10003,62
10004,91
10005,87
10006,8
10007,81
10008,21
10009,34
10010,86
10011,71
10012,41
10013,39
10014,34
10015,9
10016,40
10017,34
10018,54
10019,8
10020,36
10021,45
10022,91
10023,25
10024,91
10025,4
10026,59
10027,88
10028,98
10029,83
10030,88
10031,8
10032,27
10033,27
10034,70
10035,91
10036,75
10037,45
10038,17
10039,89
10040,91
10041,27
10042,91
10043,98
10044,29
10045,7
10046,50
10047,58
10048,99
10049,5
10050,16
10051,50
10052,78
10053,17
10054,39
10055,17
10056,33
10057,39
10058,1
10059,91
10060,15
10061,3
10062,58
10063,54
10064,63
10065,4
10066,56
10067,91
10068,54
10069,38
10070,98
10071,61
10072,16
10073,48
10074,93
10075,83
10076,39
10077,37
10078,27
10079,65
10080,17
10081,98
10082,13
10083,91
10084,33
10085,19
10086,81
10087,25
10088,6
10089,62
10090,16
10091,77
10092,67
10093,83
10094,91
10095,19
10096,31
10097,12
10098,22
10099,27
10100,42
10101,25
10102,91
10103,57
10104,27
10105,7
10106,83
10107,7
10108,18
10109,48
10110,36
10111,27
10112,20
10113,99
10114,44
10115,71
10116,99
10117,18
10118,22
10119,91
10120,50
10121,99
10122,84
10123,52
10124,37
10125,61
10126,99
10127,19
10128,51
10129,55
10130,80
10131,39
10132,17
10133,60
10134,6
10135,89
10136,7
10137,67
10138,17
10139,19
10140,11
10141,42
10142,45
10143,7
10144,56
10145,3
10146,19
10147,33
10148,71
10149,52
10150,27
10151,45
10152,3
10153,23
10154,21
10155,45
10156,19
10157,18
10158,52
10159,16
10160,3
10161,98
10162,47
10163,27
10164,21
10165,91
10166,19
10167,11
10168,91
10169,3
10170,17
10171,45
10172,28
10173,3
10174,42
10175,21
10176,6
10177,74
10178,27
10179,11
10180,98
10181,98
10182,3
10183,34
10184,33
10185,17
10186,47
10187,11
10188,23
10189,55
10190,59
10191,90
10192,83
10193,41
10194,23
10195,11
10196,74
10197,54
10198,25
10199,91
10200,98
10201,21
10202,42
10203,91
10204,61
10205,3
10206,51
10207,31
10208,15
10209,91
10210,40
10211,21
10212,71
10213,36
10214,67
10215,40
10216,34
10217,57
10218,99
10219,56
10220,68
10221,91
10222,61
10223,61
10224,19
10225,42
10226,54
10227,82
10228,8
10229,33
10230,31
10231,86
10232,89
10233,51
10234,51
10235,69
10236,42
10237,61
10238,80
10239,62
10240,93
10241,12
10242,3
10243,11
10244,98
10245,31
10246,3
10247,21
10248,40
10249,90
10250,83
10251,98
10252,99
10253,52
10254,20
10255,32
10256,21
10257,6
10258,3
10259,27
10260,44
10261,83
10262,98
10263,5
10264,81
10265,91
10266,75
10267,91
10268,98
10269,16
10270,21
10271,19
10272,19
10273,33
10274,97
10275,27
10276,17
10277,23
10278,23
10279,38
10280,77
10281,19
10282,1
10283,91
10284,12
10285,67
10286,37
10287,69
10288,56
10289,41
10290,61
10291,77
10292,86
10293,83
10294,13
10295,3
10296,45
10297,62
10298,45
10299,6
10300,61
10301,52
10302,34
10303,6
10304,5
10305,83
10306,67
10307,38
10308,50
10309,67
10310,52
10311,21
10312,51
10313,14
10314,20
10315,27
10316,83
10317,3
10318,39
10319,62
10320,84
10321,3
10322,19
10323,12
10324,11
10325,67
10326,45
10327,23
10328,31
10329,11
10330,27
10331,71
10332,5
10333,10
10334,98
10335,40
10336,91
10337,3
10338,29
10339,81
10340,25
10341,85
10342,7
10343,3
10344,83
10345,83
10346,3
10347,76
10348,67
10349,33
10350,22
10351,3
10352,48
10353,48
10354,91
10355,44
10356,19
10357,71
10358,91
10359,15
10360,91
10361,23
10362,98
10363,11
10364,87
10365,61
10366,5
10367,53
10368,93
10369,63
10370,25
10371,31
10372,67
10373,71
10374,15
10375,57
10376,11
10377,12
10378,21
10379,17
10380,91
10381,86
10382,5
10383,16
10384,98
10385,78
10386,33
10387,16
10388,50
10389,43
10390,43
10391,67
10392,84
10393,20
10394,98
10395,16
10396,21
10397,70
10398,21
10399,14
10400,11
10401,98
10402,39
10403,45
10404,71
10405,36
10406,19
10407,39
10408,2
10409,56
10410,8
10411,98
10412,40
10413,98
10414,99
10415,55
10416,91
10417,83
10418,1
10419,55
10420,98
10421,27
10422,49
10423,93
10424,91
10425,38
10426,15
10427,16
10428,17
10429,23
10430,91
10431,69
10432,35
10433,28
10434,3
10435,88
10436,16
10437,16
10438,22
10439,19
10440,74
10441,38
10442,17
10443,42
10444,2
10445,54
10446,19
10447,91
10448,36
10449,91
10450,78
10451,48
10452,25
10453,54
10454,44
10455,99
10456,51
10457,89
10458,77
10459,25
10460,91
10461,93
10462,21
10463,51
10464,16
10465,8
10466,16
10467,34
10468,37
10469,48
10470,0
10471,39
10472,69
10473,27
10474,19
10475,9
10476,51
10477,23
10478,91
10479,51
10480,21
10481,78
10482,23
10483,98
10484,10
10485,56
10486,40
10487,93
10488,71
10489,83
10490,71
10491,34
10492,56
10493,26
10494,82
10495,57
10496,34
10497,91
10498,51
10499,14
10500,31
10501,91
10502,67
10503,3
10504,80
10505,32
10506,17
10507,98
10508,15
10509,3
10510,57
10511,18
10512,37
10513,78
10514,39
10515,45
10516,25
10517,13
10518,12
10519,22
10520,28
10521,7
10522,9
10523,67
10524,83
10525,70
10526,93
10527,34
10528,39
10529,53
10530,20
10531,87
10532,86
10533,19
10534,28
10535,77
10536,83
10537,61
10538,61
10539,3
10540,17
10541,25
10542,27
10543,28
10544,86
10545,11
10546,52
10547,61
10548,31
10549,18
10550,8
10551,27
10552,22
10553,40
10554,19
10555,10
10556,12
10557,77
10558,19
10559,1
10560,98
10561,67
10562,55
10563,45
10564,25
10565,27
10566,8
10567,28
10568,20
10569,17
10570,17
10571,58
10572,81
10573,51
10574,15
10575,39
10576,91
10577,88
10578,27
10579,19
10580,83
10581,20
10582,31
10583,95
10584,16
10585,20
10586,31
10587,7
10588,98
10589,8
10590,61
10591,52
10592,60
10593,77
10594,83
10595,91
10596,0
10597,3
10598,56
10599,93
10600,20
10601,44
10602,39
10603,72
10604,8
10605,98
10606,17
10607,76
10608,3
10609,25
10610,6
10611,69
10612,33
10613,36
10614,34
10615,31
10616,44
10617,6
10618,51
10619,78
10620,44
10621,36
10622,8
10623,98
10624,16
10625,23
10626,15
10627,61
10628,39
10629,54
10630,67
10631,93
10632,23
10633,87
10634,34
10635,62
10636,16
10637,40
10638,84
10639,81
10640,10
10641,45
10642,81
10643,54
10644,61
10645,61
10646,83
10647,18
10648,80
10649,98
10650,11
10651,58
10652,78
10653,62
10654,39
10655,71
10656,37
10657,83
10658,27
10659,36
10660,53
10661,83
10662,98
10663,80
10664,52
10665,19
10666,69
10667,23
10668,62
10669,20
10670,52
10671,88
10672,77
10673,90
10674,62
10675,0
10676,33
10677,91
10678,88
10679,19
10680,37
10681,17
10682,81
10683,54
10684,7
10685,50
10686,98
10687,60
10688,4
10689,89
10690,9
10691,20
10692,91
10693,50
10694,61
10695,27
10696,18
10697,48
10698,14
10699,0
10700,38
10701,7
10702,5
10703,33
10704,45
10705,31
10706,55
10707,0
10708,25
10709,62
10710,13
10711,43
10712,12
10713,8
10714,39
10715,63
10716,33
10717,93
10718,49
10719,88
10720,67
10721,81
10722,52
10723,39
10724,62
10725,98
10726,19
10727,5
10728,50
10729,91
10730,86
10731,48
10732,98
10733,14
10734,16
10735,21
10736,41
10737,31
10738,35
10739,69
10740,17
10741,81
10742,98
10743,48
10744,48
10745,16
10746,54
10747,22
10748,98
10749,40
10750,90
10751,27
10752,83
10753,69
10754,16
10755,70
10756,39
10757,14
10758,34
10759,0
10760,19
10761,17
10762,11
10763,16
10764,41
10765,20
10766,98
10767,34
10768,39
10769,86
10770,10
10771,91
10772,12
10773,41
10774,71
10775,33
10776,83
10777,57
10778,27
10779,56
10780,50
10781,6
10782,26
10783,98
10784,93
10785,98
10786,75
10787,71
10788,3
10789,69
10790,91
10791,36
10792,23
10793,91
10794,27
10795,43
10796,7
10797,59
10798,31
10799,71
10800,6
10801,31
10802,21
10803,93
10804,53
10805,60
10806,67
10807,91
10808,86
10809,5
10810,16
10811,39
10812,69
10813,3
10814,24
10815,42
10816,40
10817,34
10818,7
10819,83
10820,18
10821,4
10822,17
10823,39
10824,35
10825,14
10826,58
10827,67
10828,42
10829,20
10830,77
10831,71
10832,70
10833,19
10834,60
10835,39
10836,57
10837,55
10838,45
10839,67
10840,83
10841,52
10842,97
10843,19
10844,17
10845,9
10846,5
10847,67
10848,55
10849,98
10850,3
10851,55
10852,71
10853,70
10854,62
10855,6
10856,3
10857,52
10858,27
10859,4
10860,17
10861,88
10862,19
10863,5
10864,37
10865,71
10866,42
10867,82
10868,23
10869,61
10870,15
10871,54
10872,91
10873,31
10874,14
10875,40
10876,19
10877,58
10878,51
10879,19
10880,63
10881,17
10882,75
10883,15
10884,98
10885,54
10886,99
10887,8
10888,10
10889,62
10890,10
10891,50
10892,51
10893,83
10894,16
10895,50
10896,81
10897,22
10898,74
10899,16
10900,98
10901,85
10902,54
10903,31
10904,84
10905,83
10906,23
10907,5
10908,36
10909,27
10910,37
10911,54
10912,55
10913,62
10914,58
10915,32
10916,83
10917,32
10918,15
10919,54
10920,17
10921,11
10922,31
10923,41
10924,61
10925,91
10926,70
10927,49
10928,59
10929,5
10930,23
10931,31
10932,28
10933,28
10934,75
10935,99
10936,29
10937,3
10938,39
10939,23
10940,6
10941,31
10942,56
10943,41
10944,3
10945,19
10946,15
10947,91
10948,71
10949,69
10950,32
10951,19
10952,98
10953,36
10954,29
10955,15
10956,25
10957,42
10958,12
10959,52
10960,22
10961,67
10962,29
10963,17
10964,98
10965,16
10966,14
10967,18
10968,93
10969,54
10970,98
10971,13
10972,86
10973,75
10974,50
10975,63
10976,57
10977,16
10978,3
10979,86
10980,43
10981,37
10982,7
10983,1
10984,27
10985,45
10986,64
10987,7
10988,69
10989,88
10990,68
10991,1
10992,4
10993,99
10994,98
10995,98
10996,54
10997,98
10998,62
10999,0
11000,42
11001,17
11002,98
11003,63
11004,23
11005,25
11006,3
11007,23
11008,14
11009,67
11010,7
11011,63
11012,3
11013,74
11014,29
11015,11
11016,91
11017,82
11018,12
11019,25
11020,86
11021,39
11022,15
11023,5
11024,50
11025,72
11026,31
11027,8
11028,19
11029,75
11030,4
11031,14
11032,91
11033,98
11034,15
11035,50
11036,31
11037,11
11038,16
11039,27
11040,39
11041,81
11042,4
11043,55
11044,23
11045,42
11046,16
11047,17
11048,44
11049,11
11050,19
11051,78
11052,42
11053,23
11054,8
11055,25
11056,67
11057,64
11058,32
11059,98
11060,41
11061,23
11062,48
11063,55
11064,5
11065,27
11066,91
11067,42
11068,68
11069,5
11070,62
11071,69
11072,3
11073,31
11074,25
11075,18
11076,16
11077,35
11078,34
11079,89
11080,61
11081,3
11082,19
11083,29
11084,61
11085,25
11086,5
11087,31
11088,91
11089,39
11090,67
11091,41
11092,10
11093,54
11094,8
11095,54
11096,7
11097,34
11098,27
11099,57
11100,8
11101,81
11102,55
11103,1
11104,34
11105,15
11106,3
11107,91
11108,98
11109,3
11110,33
11111,19
11112,15
11113,11
11114,85
11115,58
11116,19
11117,54
11118,36
11119,3
11120,25
11121,69
11122,82
11123,40
11124,34
11125,82
11126,6
11127,33
11128,59
11129,74
11130,3
11131,23
11132,27
11133,27
11134,67
11135,42
11136,38
11137,8
11138,11
11139,86
11140,13
11141,98
11142,90
11143,3
11144,55
11145,8
11146,83
11147,62
11148,3
11149,31
11150,67
11151,56
11152,85
11153,93
11154,19
11155,83
11156,40
11157,5
11158,60
11159,25
11160,6
11161,98
11162,0
11163,56
11164,86
11165,16
11166,0
11167,90
11168,57
11169,54
11170,22
11171,19
11172,62
11173,42
11174,55
11175,98
11176,63
11177,6
11178,86
11179,24
11180,23
11181,83
11182,85
11183,22
11184,69
11185,36
11186,31
11187,85
11188,9
11189,52
11190,45
11191,70
11192,5
11193,6
11194,91
11195,56
11196,1
11197,34
11198,50
11199,44
11200,17
11201,8
11202,27
11203,25
11204,4
11205,60
11206,82
11207,69
11208,98
11209,42
11210,81
11211,69
11212,90
11213,4
11214,99
11215,61
11216,98
11217,42
11218,52
11219,99
11220,12
11221,31
11222,82
11223,55
11224,64
11225,43
11226,63
11227,16
11228,71
11229,15
11230,37
11231,19
11232,7
11233,58
11234,25
11235,62
11236,12
11237,37
11238,46
11239,16
11240,37
11241,50
11242,31
11243,0
11244,25
11245,3
11246,14
11247,0
11248,17
11249,55
11250,8
11251,50
11252,70
11253,32
11254,3
11255,45
11256,41
11257,59
11258,77
11259,77
11260,54
11261,91
11262,71
11263,91
11264,93
11265,63
11266,11
11267,99
11268,16
11269,22
11270,48
11271,22
11272,15
11273,93
11274,86
11275,8
11276,70
11277,82
11278,61
11279,39
11280,51
11281,42
11282,20
11283,40
11284,63
11285,23
11286,27
11287,18
11288,45
11289,25
11290,8
11291,98
11292,19
11293,73
11294,98
11295,56
11296,25
11297,98
11298,68
11299,61
11300,6
11301,18
11302,21
11303,80
11304,63
11305,34
11306,53
11307,57
11308,8
11309,8
11310,42
11311,71
11312,56
11313,99
11314,71
11315,65
11316,93
11317,98
11318,67
11319,13
11320,82
11321,23
11322,83
11323,14
11324,7
11325,37
11326,37
11327,19
11328,15
11329,87
11330,91
11331,67
11332,14
11333,45
11334,61
11335,0
11336,67
11337,17
11338,69
11339,20
11340,23
11341,3
11342,23
11343,87
11344,16
11345,80
11346,91
11347,19
11348,42
11349,99
11350,87
11351,25
11352,34
11353,61
11354,8
11355,23
11356,62
11357,91
11358,61
11359,13
11360,15
11361,27
11362,44
11363,48
11364,40
11365,8
11366,69
11367,23
11368,19
11369,55
11370,18
11371,44
11372,52
11373,57
11374,1
11375,71
11376,87
11377,37
11378,9
11379,42
11380,22
11381,81
11382,58
11383,58
11384,71
11385,91
11386,31
11387,55
11388,54
11389,12
11390,7
11391,83
11392,99
11393,55
11394,41
11395,68
11396,5
11397,27
11398,62
11399,19
11400,22
11401,91
11402,44
11403,49
11404,42
11405,81
11406,4
11407,62
11408,44
11409,61
11410,48
11411,55
11412,55
11413,38
11414,83
11415,13
11416,17
11417,54
11418,50
11419,7
11420,36
11421,22
11422,7
11423,58
11424,39
11425,93
11426,34
11427,32
11428,44
11429,44
11430,71
11431,85
11432,52
11433,54
11434,16
11435,51
11436,31
11437,98
11438,58
11439,19
11440,23
11441,34
11442,85
11443,17
11444,76
11445,36
11446,11
11447,89
11448,15
11449,84
11450,75
11451,55
11452,83
11453,36
11454,31
11455,83
11456,5
11457,52
11458,91
11459,23
11460,29
11461,50
11462,22
11463,97
11464,71
11465,3
11466,25
11467,93
11468,94
11469,36
11470,53
11471,57
11472,53
11473,68
11474,44
11475,65
11476,16
11477,3
11478,98
11479,25
11480,98
11481,54
11482,87
11483,35
11484,31
11485,19
11486,27
11487,23
11488,74
11489,19
11490,39
11491,66
11492,3
11493,98
11494,11
11495,11
11496,52
11497,42
11498,12
11499,10
11500,91
11501,33
11502,19
11503,46
11504,83
11505,14
11506,16
11507,25
11508,61
11509,15
11510,25
11511,98
11512,54
11513,88
11514,12
11515,63
11516,16
11517,91
11518,7
11519,67
11520,41
11521,5
11522,11
11523,62
11524,48
11525,24
11526,81
11527,16
11528,5
11529,61
11530,3
11531,3
11532,83
11533,3
11534,16
11535,19
11536,44
11537,98
11538,49
11539,59
11540,0
11541,42
11542,29
11543,74
11544,53
11545,39
11546,7
11547,3
11548,16
11549,83
11550,27
11551,0
11552,1
11553,19
11554,36
11555,71
11556,45
11557,40
11558,52
11559,33
11560,53
11561,98
11562,50
11563,91
11564,19
11565,81
11566,78
11567,62
11568,23
11569,56
11570,64
11571,91
11572,98
11573,21
11574,50
11575,11
11576,22
11577,16
11578,13
11579,27
11580,35
11581,55
11582,59
11583,32
11584,37
11585,68
11586,73
11587,8
11588,45
11589,86
11590,79
11591,31
11592,36
11593,70
11594,31
11595,19
11596,71
11597,91
11598,19
11599,53
11600,29
11601,11
11602,85
11603,3
11604,91
11605,88
11606,70
11607,83
11608,10
11609,70
11610,15
11611,17
11612,34
11613,51
11614,19
11615,75
11616,4
11617,50
11618,37
11619,14
11620,93
11621,61
11622,33
11623,79
11624,75
11625,75
11626,91
11627,15
11628,49
11629,6
11630,3
11631,10
11632,39
11633,12
11634,62
11635,50
11636,71
11637,91
11638,50
11639,31
11640,11
11641,25
11642,15
11643,63
11644,22
11645,52
11646,75
11647,19
11648,61
11649,56
11650,35
11651,67
11652,29
11653,8
11654,19
11655,8
11656,90
11657,98
11658,62
11659,29
11660,91
11661,22
11662,64
11663,98
11664,3
11665,19
11666,11
11667,62
11668,55
11669,23
11670,69
11671,5
11672,36
11673,85
11674,52
11675,40
11676,88
11677,88
11678,18
11679,33
11680,98
11681,29
11682,48
11683,77
11684,37
11685,11
11686,52
11687,17
11688,12
11689,69
11690,33
11691,10
11692,40
11693,98
11694,67
11695,22
11696,36
11697,31
11698,44
11699,70
11700,98
11701,55
11702,25
11703,87
11704,54
11705,18
11706,39
11707,11
11708,62
11709,28
11710,23
11711,81
11712,91
11713,10
11714,44
11715,31
11716,69
11717,55
11718,44
11719,34
11720,86
11721,91
11722,16
11723,15
11724,23
11725,54
11726,16
11727,77
11728,61
11729,19
11730,70
11731,83
11732,67
11733,42
11734,20
11735,11
11736,21
11737,83
11738,31
11739,11
11740,69
11741,23
11742,39
11743,52
11744,60
11745,90
11746,83
11747,16
11748,98
11749,27
11750,9
11751,62
11752,31
11753,67
11754,23
11755,62
11756,8
11757,31
11758,31
11759,59
11760,73
11761,17
11762,56
11763,54
11764,74
11765,16
11766,83
11767,83
11768,71
11769,98
11770,75
11771,34
11772,6
11773,63
11774,54
11775,12
11776,73
11777,44
11778,98
11779,98
11780,86
11781,42
11782,40
11783,99
11784,50
11785,12
11786,67
11787,91
11788,33
11789,55
11790,17
11791,12
11792,16
11793,9
11794,97
11795,87
11796,23
11797,83
11798,51
11799,87
11800,3
11801,40
11802,56
11803,89
11804,36
11805,33
11806,82
11807,58
11808,31
11809,3
11810,53
11811,13
11812,60
11813,50
11814,4
11815,86
11816,34
11817,99
11818,13
11819,74
11820,87
11821,13
11822,58
11823,8
11824,0
11825,91
11826,56
11827,81
11828,74
11829,56
11830,14
11831,40
11832,39
11833,23
11834,51
11835,48
11836,58
11837,15
11838,25
11839,51
11840,81
11841,83
11842,50
11843,3
11844,19
11845,89
11846,83
11847,80
11848,54
11849,25
11850,80
11851,61
11852,52
11853,28
11854,0
11855,71
11856,57
11857,91
11858,81
11859,51
11860,27
11861,16
11862,79
11863,42
11864,4
11865,13
11866,85
11867,98
11868,99
11869,12
11870,52
11871,91
11872,61
11873,98
11874,63
11875,67
11876,23
11877,5
11878,7
11879,40
11880,71
11881,86
11882,16
11883,72
11884,27
11885,91
11886,13
11887,54
11888,70
11889,16
11890,64
11891,99
11892,31
11893,70
11894,23
11895,92
11896,98
11897,23
11898,23
11899,76
11900,56
11901,11
11902,63
11903,67
11904,98
11905,37
11906,81
11907,67
11908,88
11909,55
11910,6
11911,26
11912,0
11913,85
11914,14
11915,40
11916,5
11917,69
11918,27
11919,49
11920,56
11921,45
11922,91
11923,52
11924,16
11925,28
11926,65
11927,28
11928,68
11929,34
11930,47
11931,40
11932,60
11933,43
11934,7
11935,5
11936,12
11937,19
11938,6
11939,42
11940,13
11941,8
11942,83
11943,3
11944,52
11945,27
11946,91
11947,17
11948,58
11949,10
11950,52
11951,69
11952,37
11953,8
11954,14
11955,3
11956,44
11957,61
11958,37
11959,98
11960,98
11961,22
11962,19
11963,52
11964,98
11965,93
11966,48
11967,7
11968,62
11969,22
11970,67
11971,31
11972,19
11973,33
11974,93
11975,85
11976,83
11977,14
11978,56
11979,11
11980,8
11981,39
11982,16
11983,9
11984,6
11985,71
11986,3
11987,71
11988,5
11989,91
11990,71
11991,28
11992,85
11993,37
11994,37
11995,83
11996,93
11997,87
11998,20
11999,32
12000,50
12001,50
12002,11
12003,3
12004,21
12005,1
12006,54
12007,51
12008,57
12009,52
12010,46
12011,73
12012,19
12013,61
12014,16
12015,56
12016,12
12017,46
12018,93
12019,83
12020,90
12021,31
12022,98
12023,86
12024,98
12025,20
12026,86
12027,65
12028,15
12029,54
12030,3
12031,22
12032,98
12033,58
12034,71
12035,29
12036,69
12037,28
12038,58
12039,41
12040,19
12041,53
12042,12
12043,19
12044,84
12045,57
12046,13
12047,84
12048,61
12049,59
12050,83
12051,22
12052,83
12053,52
12054,7
12055,3
12056,1
12057,49
12058,53
12059,38
12060,54
12061,98
12062,52
12063,34
12064,14
12065,99
12066,12
12067,27
12068,83
12069,86
12070,3
12071,91
12072,50
12073,23
12074,61
12075,13
12076,0
12077,53
12078,23
12079,11
12080,44
12081,15
12082,34
12083,65
12084,23
12085,98
12086,3
12087,81
12088,17
12089,69
12090,74
12091,98
12092,8
12093,88
12094,21
12095,86
12096,19
12097,78
12098,58
12099,42
12100,33
12101,35
12102,10
12103,31
12104,52
12105,88
12106,45
12107,77
12108,93
12109,72
12110,5
12111,12
12112,12
12113,72
12114,98
12115,27
12116,40
12117,8
12118,58
12119,70
12120,70
12121,13
12122,91
12123,54
12124,31
12125,98
12126,33
12127,18
12128,6
12129,62
12130,3
12131,24
12132,40
12133,50
12134,91
12135,11
12136,19
12137,81
12138,63
12139,36
12140,4
12141,62
12142,91
12143,98
12144,60
12145,36
12146,0
12147,60
12148,34
12149,95
12150,51
12151,51
12152,54
12153,60
12154,19
12155,19
12156,1
12157,67
12158,34
12159,55
12160,44
12161,82
12162,93
12163,8
12164,51
12165,19
12166,83
12167,60
12168,91
12169,1
12170,12
12171,9
12172,25
12173,16
12174,34
12175,55
12176,6
12177,22
12178,3
12179,59
12180,48
12181,3
12182,98
12183,31
12184,45
12185,83
12186,39
12187,56
12188,33
12189,19
12190,93
12191,83
12192,97
12193,63
12194,91
12195,6
12196,19
12197,36
12198,23
12199,98
12200,85
12201,83
12202,91
12203,53
12204,64
12205,50
12206,21
12207,83
12208,52
12209,19
12210,23
12211,39
12212,83
12213,27
12214,15
12215,87
12216,36
12217,98
12218,3
12219,35
12220,27
12221,40
12222,54
12223,98
12224,45
12225,5
12226,69
12227,0
12228,11
12229,62
12230,50
12231,62
12232,91
12233,21
12234,16
12235,43
12236,19
12237,1
12238,17
12239,21
12240,86
12241,91
12242,16
12243,23
12244,62
12245,55
12246,98
12247,93
12248,71
12249,52
12250,27
12251,18
12252,53
12253,62
12254,19
12255,27
12256,93
12257,98
12258,81
12259,18
12260,99
12261,83
12262,83
12263,98
12264,6
12265,55
12266,55
12267,90
12268,50
12269,41
12270,0
12271,54
12272,63
12273,0
12274,0
12275,60
12276,39
12277,32
12278,34
12279,39
12280,50
12281,22
12282,54
12283,23
12284,8
12285,23
12286,15
12287,71
12288,44
12289,58
12290,85
12291,42
12292,72
12293,29
12294,0
12295,48
12296,43
12297,45
12298,61
12299,61
12300,99
12301,75
12302,34
12303,44
12304,58
12305,67
12306,98
12307,56
12308,72
12309,91
12310,45
12311,29
12312,62
12313,91
12314,53
12315,18
12316,3
12317,0
12318,98
12319,7
12320,87
12321,6
12322,50
12323,51
12324,48
12325,98
12326,69
12327,91
12328,3
12329,77
12330,19
12331,33
12332,71
12333,98
12334,95
12335,86
12336,16
12337,98
12338,16
12339,39
12340,18
12341,88
12342,50
12343,61
12344,59
12345,18
12346,43
12347,39
12348,93
12349,17
12350,98
12351,57
12352,91
12353,56
12354,77
12355,48
12356,31
12357,23
12358,98
12359,85
12360,98
12361,98
12362,21
12363,81
12364,54
12365,16
12366,19
12367,20
12368,98
12369,15
12370,19
12371,16
12372,3
12373,93
12374,8
12375,22
12376,70
12377,91
12378,70
12379,17
12380,39
12381,91
12382,42
12383,34
12384,91
12385,1
12386,10
12387,7
12388,40
12389,19
12390,17
12391,98
12392,23
12393,99
12394,29
12395,69
12396,32
12397,16
12398,27
12399,91
12400,40
12401,54
12402,6
12403,6
12404,81
12405,39
12406,45
12407,62
12408,88
12409,48
12410,32
12411,18
12412,4
12413,34
12414,21
12415,23
12416,83
12417,62
12418,91
12419,18
12420,3
12421,67
12422,5
12423,24
12424,98
12425,53
12426,56
12427,19
12428,3
12429,75
12430,19
12431,8
12432,91
12433,52
12434,6
12435,53
12436,28
12437,19
12438,8
12439,58
12440,75
12441,50
12442,61
12443,21
12444,51
12445,16
12446,4
12447,33
12448,33
12449,91
12450,17
12451,27
12452,31
12453,35
12454,53
12455,52
12456,19
12457,7
12458,67
12459,98
12460,64
12461,17
12462,91
12463,3
12464,31
12465,19
12466,71
12467,19
12468,39
12469,48
12470,34
12471,16
12472,91
12473,5
12474,69
12475,37
12476,63
12477,83
12478,98
12479,10
12480,91
12481,23
12482,3
12483,64
12484,61
12485,45
12486,51
12487,88
12488,27
12489,29
12490,93
12491,3
12492,11
12493,41
12494,71
12495,61
12496,50
12497,7
12498,81
12499,83
12500,53
12501,70
12502,52
12503,23
12504,98
12505,62
12506,69
12507,21
12508,18
12509,51
12510,42
12511,63
12512,64
12513,16
12514,27
12515,51
12516,58
12517,91
12518,25
12519,91
12520,60
12521,5
12522,42
12523,7
12524,34
12525,49
12526,93
12527,25
12528,99
12529,27
12530,47
12531,83
12532,19
12533,5
12534,16
12535,52
12536,19
12537,62
12538,20
12539,17
12540,17
12541,91
12542,49
12543,14
12544,40
12545,98
12546,37
12547,91
12548,45
12549,6
12550,67
12551,98
12552,39
12553,19
12554,29
12555,40
12556,71
12557,48
12558,62
12559,61
12560,89
12561,73
12562,52
12563,14
12564,20
12565,9
12566,63
12567,48
12568,55
12569,3
12570,20
12571,91
12572,63
12573,98
12574,78
12575,49
12576,40
12577,31
12578,13
12579,54
12580,50
12581,65
12582,3
12583,73
12584,93
12585,15
12586,3
12587,98
12588,8
12589,67
12590,98
12591,67
12592,23
12593,52
12594,7
12595,77
12596,28
12597,52
12598,44
12599,5
12600,23
12601,16
12602,70
12603,50
12604,86
12605,91
12606,16
12607,54
12608,45
12609,8
12610,91
12611,77
12612,83
12613,17
12614,91
12615,54
12616,93
12617,52
12618,21
12619,98
12620,98
12621,88
12622,98
12623,71
12624,49
12625,35
12626,16
12627,81
12628,43
12629,52
12630,67
12631,52
12632,19
12633,71
12634,6
12635,3
12636,34
12637,37
12638,16
12639,1
12640,14
12641,79
12642,25
12643,62
12644,35
12645,98
12646,91
12647,29
12648,90
12649,33
12650,17
12651,98
12652,12
12653,41
12654,57
12655,25
12656,23
12657,72
12658,54
12659,34
12660,77
12661,91
12662,6
12663,3
12664,4
12665,82
12666,52
12667,19
12668,19
12669,61
12670,61
12671,19
12672,71
12673,95
12674,63
12675,55
12676,81
12677,56
12678,55
12679,51
12680,16
12681,8
12682,14
12683,77
12684,39
12685,19
12686,63
12687,3
12688,48
12689,45
12690,91
12691,31
12692,18
12693,29
12694,56
12695,27
12696,27
12697,21
12698,61
12699,84
12700,28
12701,8
12702,7
12703,15
12704,69
12705,59
12706,6
12707,91
12708,27
12709,20
12710,7
12711,51
12712,83
12713,21
12714,18
12715,90
12716,72
12717,27
12718,41
12719,52
12720,93
12721,91
12722,34
12723,14
12724,11
12725,98
12726,0
12727,21
12728,4
12729,48
12730,83
12731,98
12732,23
12733,7
12734,54
12735,72
12736,19
12737,73
12738,40
12739,21
12740,98
12741,59
12742,37
12743,40
12744,39
12745,18
12746,27
12747,63
12748,73
12749,28
12750,16
12751,59
12752,71
12753,62
12754,71
12755,68
12756,61
12757,7
12758,6
12759,17
12760,48
12761,23
12762,42
12763,3
12764,16
12765,77
12766,8
12767,19
12768,56
12769,93
12770,19
12771,71
12772,50
12773,27
12774,5
12775,6
12776,50
12777,78
12778,12
12779,54
12780,13
12781,32
12782,65
12783,59
12784,99
12785,91
12786,31
12787,13
12788,52
12789,58
12790,10
12791,52
12792,56
12793,75
12794,9
12795,62
12796,61
12797,6
12798,27
12799,34
12800,3
12801,11
12802,54
12803,36
12804,17
12805,19
12806,93
12807,10
12808,39
12809,12
12810,6
12811,56
12812,98
12813,98
12814,31
12815,14
12816,27
12817,71
12818,87
12819,98
12820,16
12821,45
12822,70
12823,16
12824,37
12825,16
12826,16
12827,80
12828,60
12829,34
12830,77
12831,89
12832,61
12833,0
12834,98
12835,31
12836,12
12837,11
12838,14
12839,29
12840,91
12841,58
12842,35
12843,50
12844,98
12845,18
12846,91
12847,18
12848,25
12849,27
12850,27
12851,19
12852,91
12853,98
12854,54
12855,21
12856,16
12857,25
12858,56
12859,98
12860,21
12861,36
12862,74
12863,32
12864,57
12865,45
12866,91
12867,44
12868,77
12869,19
12870,44
12871,28
12872,11
12873,36
12874,3
12875,53
12876,53
12877,37
12878,51
12879,98
12880,14
12881,55
12882,9
12883,53
12884,36
12885,91
12886,58
12887,52
12888,3
12889,39
12890,71
12891,26
12892,9
12893,53
12894,74
12895,35
12896,76
12897,27
12898,91
12899,25
12900,18
12901,45
12902,16
12903,86
12904,18
12905,91
12906,36
12907,3
12908,18
12909,73
12910,40
12911,7
12912,25
12913,23
12914,75
12915,48
12916,18
12917,19
12918,98
12919,18
12920,77
12921,5
12922,23
12923,42
12924,7
12925,25
12926,56
12927,11
12928,21
12929,31
12930,19
12931,83
12932,3
12933,86
12934,53
12935,91
12936,38
12937,91
12938,20
12939,19
12940,77
12941,15
12942,1
12943,68
12944,51
12945,36
12946,62
12947,5
12948,42
12949,3
12950,27
12951,83
12952,86
12953,20
12954,62
12955,17
12956,31
12957,68
12958,22
12959,36
12960,91
12961,91
12962,86
12963,50
12964,72
12965,40
12966,51
12967,25
12968,13
12969,69
12970,65
12971,91
12972,61
12973,50
12974,86
12975,50
12976,98
12977,48
12978,53
12979,62
12980,39
12981,8
12982,51
12983,8
12984,20
12985,83
12986,3
12987,98
12988,19
12989,36
12990,0
12991,14
12992,58
12993,93
12994,75
12995,23
12996,91
12997,71
12998,54
12999,42
13000,0
13001,36
13002,48
13003,39
13004,10
13005,93
13006,98
13007,90
13008,12
13009,91
13010,45
13011,11
13012,69
13013,61
13014,83
13015,99
13016,75
13017,31
13018,29
13019,56
13020,34
13021,13
13022,64
13023,56
13024,0
13025,10
13026,55
13027,48
13028,23
13029,17
13030,52
13031,99
13032,59
13033,28
13034,13
13035,62
13036,48
13037,85
13038,57
13039,67
13040,61
13041,42
13042,60
13043,68
13044,61
13045,3
13046,22
13047,41
13048,27
13049,75
13050,11
13051,34
13052,22
13053,52
13054,23
13055,81
13056,62
13057,55
13058,14
13059,6
13060,93
13061,42
13062,79
13063,19
13064,27
13065,55
13066,98
13067,22
13068,31
13069,67
13070,91
13071,87
13072,62
13073,52
13074,17
13075,77
13076,21
13077,29
13078,36
13079,18
13080,77
13081,31
13082,3
13083,48
13084,27
13085,39
13086,25
13087,32
13088,85
13089,53
13090,99
13091,10
13092,91
13093,91
13094,12
13095,11
13096,99
13097,41
13098,15
13099,98
13100,37
13101,32
13102,81
13103,3
13104,8
13105,31
13106,61
13107,32
13108,7
13109,50
13110,22
13111,81
13112,3
13113,91
13114,51
13115,19
13116,6
13117,74
13118,20
13119,86
13120,44
13121,8
13122,50
13123,90
13124,23
13125,14
13126,91
13127,49
13128,55
13129,50
13130,19
13131,11
13132,77
13133,54
13134,58
13135,34
13136,25
13137,14
13138,6
13139,58
13140,25
13141,51
13142,19
13143,91
13144,98
13145,69
13146,36
13147,8
13148,93
13149,3
13150,55
13151,91
13152,22
13153,51
13154,48
13155,23
13156,59
13157,51
13158,31
13159,23
13160,38
13161,62
13162,85
13163,74
13164,3
13165,70
13166,86
13167,56
13168,24
13169,3
13170,19
13171,55
13172,14
13173,83
13174,86
13175,19
13176,19
13177,57
13178,51
13179,11
13180,11
13181,23
13182,87
13183,4
13184,19
13185,17
13186,54
13187,6
13188,36
13189,54
13190,3
13191,63
13192,84
13193,58
13194,23
13195,71
13196,77
13197,91
13198,19
13199,19
13200,61
13201,71
13202,25
13203,27
13204,16
13205,0
13206,76
13207,91
13208,5
13209,10
13210,98
13211,3
13212,19
13213,55
13214,82
13215,1
13216,1
13217,40
13218,43
13219,27
13220,98
13221,51
13222,44
13223,61
13224,44
13225,29
13226,17
13227,49
13228,18
13229,7
13230,48
13231,63
13232,42
13233,86
13234,85
13235,99
13236,34
13237,20
13238,47
13239,67
13240,89
13241,57
13242,98
13243,0
13244,85
13245,29
13246,19
13247,22
13248,15
13249,42
13250,25
13251,16
13252,34
13253,5
13254,4
13255,3
13256,91
13257,37
13258,25
13259,57
13260,17
13261,36
13262,6
13263,33
13264,98
13265,11
13266,37
13267,34
13268,3
13269,89
13270,99
13271,74
13272,64
13273,61
13274,56
13275,20
13276,53
13277,73
13278,36
13279,21
13280,42
13281,23
13282,93
13283,19
13284,83
13285,91
13286,8
13287,74
13288,20
13289,32
13290,98
13291,52
13292,22
13293,91
13294,17
13295,55
13296,57
13297,53
13298,42
13299,33
13300,63
13301,16
13302,70
13303,62
13304,75
13305,19
13306,61
13307,3
13308,16
13309,16
13310,98
13311,21
13312,16
13313,8
13314,19
13315,44
13316,27
13317,57
13318,3
13319,55
13320,55
13321,90
13322,11
13323,39
13324,29
13325,35
13326,34
13327,83
13328,81
13329,74
13330,70
13331,16
13332,54
13333,44
13334,67
13335,33
13336,58
13337,57
13338,51
13339,16
13340,88
13341,19
13342,63
13343,93
13344,62
13345,25
13346,61
13347,78
13348,24
13349,56
13350,34
13351,91
13352,19
13353,17
13354,21
13355,16
13356,21
13357,45
13358,58
13359,0
13360,70
13361,35
13362,11
13363,3
13364,31
13365,44
13366,57
13367,58
13368,52
13369,91
13370,91
13371,27
13372,78
13373,83
13374,29
13375,75
13376,63
13377,83
13378,22
13379,52
13380,77
13381,40
13382,74
13383,8
13384,8
13385,59
13386,77
13387,21
13388,98
13389,6
13390,87
13391,5
13392,70
13393,80
13394,0
13395,3
13396,99
13397,37
13398,11
13399,56
13400,83
13401,67
13402,11
13403,44
13404,67
13405,35
13406,67
13407,15
13408,23
13409,49
13410,10
13411,78
13412,58
13413,91
13414,21
13415,62
13416,76
13417,58
13418,7
13419,3
13420,56
13421,98
13422,3
13423,19
13424,71
13425,23
13426,29
13427,67
13428,56
13429,48
13430,35
13431,16
13432,9
13433,0
13434,82
13435,91
13436,23
13437,67
13438,27
13439,38
13440,3
13441,36
13442,40
13443,63
13444,53
13445,91
13446,37
13447,3
13448,8
13449,19
13450,19
13451,31
13452,19
13453,34
13454,27
13455,67
13456,83
13457,48
13458,45
13459,98
13460,61
13461,13
13462,58
13463,25
13464,45
13465,58
13466,56
13467,42
13468,54
13469,5
13470,88
13471,82
13472,25
13473,91
13474,74
13475,3
13476,55
13477,98
13478,3
13479,31
13480,52
13481,83
13482,12
13483,23
13484,34
13485,76
13486,31
13487,38
13488,91
13489,5
13490,67
13491,33
13492,53
13493,16
13494,50
13495,89
13496,86
13497,36
13498,83
13499,23
13500,91
13501,64
13502,11
13503,98
13504,83
13505,4
13506,15
13507,12
13508,8
13509,91
13510,14
13511,55
13512,8
13513,40
13514,67
13515,39
13516,98
13517,32
13518,90
13519,58
13520,7
13521,12
13522,16
13523,13
13524,99
13525,11
13526,38
13527,50
13528,71
13529,70
13530,98
13531,71
13532,40
13533,0
13534,71
13535,16
13536,69
13537,21
13538,27
13539,91
13540,43
13541,10
13542,5
13543,32
13544,51
13545,29
13546,74
13547,32
13548,56
13549,69
13550,52
13551,80
13552,73
13553,27
13554,31
13555,61
13556,81
13557,5
13558,89
13559,49
13560,15
13561,45
13562,55
13563,41
13564,52
13565,67
13566,14
13567,86
13568,85
13569,87
13570,14
13571,93
13572,83
13573,5
13574,35
13575,91
13576,56
13577,91
13578,7
13579,86
13580,62
13581,12
13582,28
13583,86
13584,8
13585,91
13586,25
13587,99
13588,10
13589,62
13590,14
13591,72
13592,16
13593,85
13594,37
13595,71
13596,27
13597,67
13598,17
13599,70
13600,59
13601,52
13602,8
13603,73
13604,91
13605,67
13606,3
13607,45
13608,8
13609,33
13610,36
13611,51
13612,20
13613,19
13614,83
13615,9
13616,3
13617,8
13618,74
13619,19
13620,3
13621,42
13622,46
13623,91
13624,15
13625,16
13626,42
13627,91
13628,45
13629,8
13630,71
13631,44
13632,39
13633,98
13634,71
13635,98
13636,3
13637,23
13638,73
13639,41
13640,52
13641,97
13642,86
13643,62
13644,42
13645,99
13646,47
13647,75
13648,8
13649,14
13650,6
13651,86
13652,6
13653,4
13654,38
13655,39
13656,44
13657,25
13658,8
13659,34
13660,21
13661,87
13662,34
13663,54
13664,19
13665,52
13666,32
13667,19
13668,71
13669,48
13670,69
13671,67
13672,88
13673,68
13674,52
13675,8
13676,6
13677,98
13678,27
13679,76
13680,71
13681,46
13682,40
13683,68
13684,97
13685,27
13686,31
13687,56
13688,9
13689,74
13690,93
13691,7
13692,87
13693,34
13694,12
13695,17
13696,8
13697,21
13698,12
13699,54
13700,58
13701,40
13702,14
13703,40
13704,21
13705,67
13706,67
13707,62
13708,98
13709,62
13710,47
13711,51
13712,55
13713,32
13714,58
13715,86
13716,16
13717,6
13718,59
13719,98
13720,21
13721,70
13722,58
13723,48
13724,51
13725,52
13726,27
13727,81
13728,91
13729,98
13730,44
13731,3
13732,63
13733,17
13734,86
13735,25
13736,18
13737,42
13738,12
13739,8
13740,18
13741,55
13742,83
13743,27
13744,20
13745,8
13746,18
13747,6
13748,74
13749,69
13750,15
13751,71
13752,23
13753,43
13754,7
13755,16
13756,21
13757,91
13758,15
13759,98
13760,54
13761,74
13762,61
13763,50
13764,98
13765,23
13766,60
13767,33
13768,48
13769,90
13770,14
13771,39
13772,39
13773,23
13774,98
13775,23
13776,68
13777,7
13778,77
13779,88
13780,74
13781,35
13782,4
13783,31
13784,68
13785,29
13786,35
13787,81
13788,18
13789,19
13790,0
13791,16
13792,98
13793,20
13794,9
13795,88
13796,61
13797,62
13798,23
13799,19
13800,18
13801,3
13802,23
13803,0
13804,92
13805,49
13806,39
13807,58
13808,7
13809,31
13810,12
13811,98
13812,52
13813,1
13814,51
13815,80
13816,98
13817,20
13818,23
13819,11
13820,51
13821,27
13822,39
13823,38
13824,93
13825,18
13826,45
13827,21
13828,57
13829,37
13830,44
13831,31
13832,14
13833,27
13834,25
13835,74
13836,71
13837,24
13838,71
13839,3
13840,83
13841,58
13842,63
13843,25
13844,3
13845,3
13846,35
13847,69
13848,91
13849,99
13850,64
13851,52
13852,27
13853,39
13854,45
13855,31
13856,7
13857,14
13858,31
13859,5
13860,17
13861,63
13862,77
13863,8
13864,64
13865,42
13866,12
13867,82
13868,69
13869,18
13870,98
13871,45
13872,23
13873,28
13874,62
13875,91
13876,81
13877,35
13878,83
13879,9
13880,91
13881,10
13882,31
13883,8
13884,22
13885,83
13886,45
13887,45
13888,19
13889,63
13890,40
13891,8
13892,58
13893,10
13894,34
13895,40
13896,77
13897,84
13898,39
13899,0
13900,83
13901,44
13902,39
13903,56
13904,98
13905,5
13906,98
13907,91
13908,25
13909,41
13910,23
13911,71
13912,19
13913,91
13914,40
13915,31
13916,9
13917,11
13918,27
13919,52
13920,62
13921,69
13922,41
13923,21
13924,13
13925,33
13926,77
13927,34
13928,83
13929,29
13930,62
13931,22
13932,37
13933,60
13934,69
13935,33
13936,27
13937,36
13938,27
13939,54
13940,16
13941,19
13942,99
13943,54
13944,35
13945,12
13946,40
13947,37
13948,55
13949,42
13950,71
13951,60
13952,52
13953,48
13954,4
13955,53
13956,81
13957,61
13958,45
13959,65
13960,51
13961,23
13962,27
13963,39
13964,17
13965,41
13966,58
13967,3
13968,56
13969,68
13970,34
13971,70
13972,19
13973,83
13974,53
13975,8
13976,83
13977,86
13978,85
13979,98
13980,71
13981,16
13982,91
13983,32
13984,27
13985,39
13986,19
13987,73
13988,37
13989,39
13990,56
13991,80
13992,18
13993,98
13994,97
13995,62
13996,41
13997,80
13998,7
13999,99
14000,15
14001,91
14002,76
14003,76
14004,19
14005,0
14006,3
14007,32
14008,36
14009,48
14010,19
14011,61
14012,39
14013,35
14014,98
14015,16
14016,91
14017,23
14018,25
14019,93
14020,34
14021,42
14022,27
14023,1
14024,87
14025,12
14026,26
14027,36
14028,13
14029,83
14030,1
14031,29
14032,3
14033,52
14034,93
14035,13
14036,21
14037,77
14038,91
14039,3
14040,27
14041,13
14042,50
14043,53
14044,37
14045,40
14046,56
14047,3
14048,17
14049,78
14050,53
14051,48
14052,16
14053,6
14054,51
14055,52
14056,7
14057,93
14058,98
14059,57
14060,83
14061,44
14062,53
14063,91
14064,41
14065,11
14066,27
14067,98
14068,12
14069,42
14070,19
14071,9
14072,20
14073,50
14074,37
14075,36
14076,71
14077,23
14078,49
14079,62
14080,91
14081,32
14082,52
14083,64
14084,18
14085,9
14086,73
14087,93
14088,37
14089,3
14090,44
14091,45
14092,13
14093,91
14094,17
14095,91
14096,58
14097,93
14098,3
14099,53
14100,13
14101,22
14102,24
14103,95
14104,20
14105,55
14106,34
14107,11
14108,28
14109,44
14110,31
14111,91
14112,61
14113,25
14114,11
14115,16
14116,63
14117,90
14118,19
14119,48
14120,57
14121,91
14122,53
14123,98
14124,92
14125,22
14126,16
14127,91
14128,57
14129,44
14130,38
14131,98
14132,55
14133,55
14134,18
14135,55
14136,81
14137,62
14138,98
14139,98
14140,14
14141,41
14142,0
14143,6
14144,5
14145,19
14146,3
14147,11
14148,17
14149,40
14150,25
14151,5
14152,61
14153,62
14154,83
14155,42
14156,69
14157,21
14158,50
14159,58
14160,98
14161,10
14162,66
14163,99
14164,20
14165,16
14166,56
14167,3
14168,16
14169,72
14170,51
14171,55
14172,84
14173,31
14174,56
14175,79
14176,20
14177,16
14178,96
14179,55
14180,50
14181,36
14182,83
14183,84
14184,57
14185,27
14186,16
14187,98
14188,58
14189,51
14190,9
14191,3
14192,34
14193,15
14194,26
14195,99
14196,48
14197,50
14198,99
14199,41
14200,3
14201,59
14202,61
14203,10
14204,19
14205,10
14206,27
14207,27
14208,61
14209,35
14210,31
14211,27
14212,91
14213,3
14214,42
14215,31
14216,61
14217,3
14218,20
14219,93
14220,31
14221,11
14222,88
14223,1
14224,91
14225,91
14226,63
14227,83
14228,37
14229,3
14230,33
14231,3
14232,15
14233,49
14234,48
14235,98
14236,7
14237,20
14238,91
14239,70
14240,98
14241,38
14242,24
14243,31
14244,0
14245,23
14246,71
14247,11
14248,21
14249,36
14250,34
14251,23
14252,57
14253,98
14254,18
14255,16
14256,46
14257,1
14258,48
14259,71
14260,37
14261,19
14262,54
14263,7
14264,27
14265,63
14266,56
14267,5
14268,9
14269,40
14270,17
14271,70
14272,16
14273,55
14274,12
14275,69
14276,3
14277,98
14278,17
14279,9
14280,48
14281,27
14282,91
14283,7
14284,52
14285,37
14286,28
14287,27
14288,7
14289,40
14290,93
14291,81
14292,13
14293,13
14294,93
14295,61
14296,19
14297,28
14298,8
14299,58
14300,99
14301,41
14302,51
14303,62
14304,17
14305,14
14306,21
14307,83
14308,91
14309,23
14310,3
14311,98
14312,16
14313,8
14314,82
14315,98
14316,36
14317,20
14318,16
14319,11
14320,23
14321,67
14322,91
14323,85
14324,83
14325,3
14326,38
14327,51
14328,19
14329,13
14330,31
14331,74
14332,16
14333,39
14334,11
14335,87
14336,69
14337,11
14338,19
14339,67
14340,57
14341,91
14342,61
14343,82
14344,25
14345,54
14346,31
14347,20
14348,91
14349,0
14350,51
14351,16
14352,83
14353,18
14354,82
14355,56
14356,91
14357,19
14358,16
14359,18
14360,39
14361,19
14362,58
14363,55
14364,39
14365,54
14366,53
14367,57
14368,62
14369,32
14370,28
14371,19
14372,70
14373,20
14374,55
14375,52
14376,71
14377,0
14378,78
14379,77
14380,52
14381,98
14382,5
14383,98
14384,95
14385,71
14386,31
14387,93
14388,11
14389,45
14390,10
14391,5
14392,84
14393,19
14394,83
14395,86
14396,25
14397,61
14398,3
14399,20
14400,99
14401,36
14402,95
14403,22
14404,83
14405,59
14406,67
14407,0
14408,74
14409,91
14410,56
14411,48
14412,23
14413,21
14414,77
14415,91
14416,17
14417,91
14418,3
14419,8
14420,39
14421,37
14422,43
14423,63
14424,3
14425,98
14426,83
14427,67
14428,79
14429,98
14430,50
14431,54
14432,91
14433,27
14434,40
14435,40
14436,91
14437,42
14438,17
14439,23
14440,16
14441,17
14442,6
14443,19
14444,71
14445,19
14446,67
14447,22
14448,19
14449,9
14450,19
14451,19
14452,17
14453,91
14454,15
14455,22
14456,67
14457,27
14458,0
14459,31
14460,23
14461,17
14462,56
14463,15
14464,74
14465,29
14466,52
14467,7
14468,37
14469,8
14470,3
14471,48
14472,84
14473,65
14474,98
14475,13
14476,25
14477,4
14478,8
14479,16
14480,40
14481,27
14482,52
14483,42
14484,93
14485,25
14486,18
14487,11
14488,58
14489,69
14490,83
14491,36
14492,73
14493,11
14494,55
14495,7
14496,31
14497,71
14498,3
14499,61
14500,90
14501,91
14502,10
14503,39
14504,40
14505,5
14506,79
14507,87
14508,14
14509,73
14510,35
14511,19
14512,31
14513,45
14514,27
14515,16
14516,83
14517,59
14518,0
14519,15
14520,7
14521,87
14522,88
14523,48
14524,7
14525,92
14526,13
14527,6
14528,55
14529,61
14530,45
14531,61
14532,23
14533,93
14534,27
14535,80
14536,47
14537,87
14538,39
14539,83
14540,88
14541,8
14542,99
14543,19
14544,35
14545,98
14546,5
14547,91
14548,62
14549,8
14550,83
14551,51
14552,40
14553,42
14554,33
14555,5
14556,8
14557,36
14558,56
14559,8
14560,48
14561,29
14562,67
14563,63
14564,37
14565,19
14566,49
14567,27
14568,49
14569,8
14570,90
14571,27
14572,14
14573,3
14574,36
14575,19
14576,83
14577,10
14578,63
14579,86
14580,81
14581,70
14582,17
14583,98
14584,49
14585,98
14586,98
14587,58
14588,27
14589,48
14590,28
14591,48
14592,39
14593,13
14594,99
14595,91
14596,21
14597,83
14598,17
14599,91
14600,98
14601,71
14602,56
14603,3
14604,71
14605,0
14606,21
14607,32
14608,77
14609,75
14610,1
14611,83
14612,72
14613,35
14614,56
14615,9
14616,15
14617,3
14618,3
14619,23
14620,98
14621,20
14622,27
14623,27
14624,91
14625,91
14626,12
14627,79
14628,20
14629,91
14630,15
14631,99
14632,27
14633,11
14634,90
14635,15
14636,31
14637,25
14638,39
14639,45
14640,3
14641,23
14642,16
14643,91
14644,8
14645,15
14646,8
14647,74
14648,27
14649,71
14650,9
14651,73
14652,3
14653,98
14654,98
14655,23
14656,99
14657,65
14658,52
14659,58
14660,52
14661,28
14662,62
14663,81
14664,4
14665,36
14666,95
14667,6
14668,91
14669,5
14670,40
14671,98
14672,14
14673,52
14674,16
14675,18
14676,3
14677,23
14678,63
14679,11
14680,21
14681,64
14682,40
14683,91
14684,37
14685,40
14686,21
14687,53
14688,48
14689,41
14690,27
14691,17
14692,31
14693,78
14694,28
14695,67
14696,31
14697,52
14698,34
14699,42
14700,83
14701,27
14702,87
14703,16
14704,83
14705,3
14706,98
14707,8
14708,91
14709,33
14710,98
14711,3
14712,27
14713,17
14714,59
14715,22
14716,20
14717,42
14718,12
14719,51
14720,49
14721,63
14722,70
14723,25
14724,75
14725,71
14726,56
14727,18
14728,24
14729,77
14730,91
14731,98
14732,29
14733,62
14734,9
14735,34
14736,98
14737,91
14738,1
14739,49
14740,53
14741,83
14742,1
14743,64
14744,98
14745,8
14746,38
14747,13
14748,83
14749,70
14750,13
14751,16
14752,5
14753,6
14754,62
14755,27
14756,23
14757,65
14758,39
14759,23
14760,39
14761,52
14762,91
14763,25
14764,71
14765,75
14766,28
14767,3
14768,3
14769,48
14770,91
14771,8
14772,39
14773,11
14774,22
14775,40
14776,71
14777,62
14778,23
14779,31
14780,98
14781,21
14782,69
14783,8
14784,11
14785,23
14786,64
14787,35
14788,77
14789,44
14790,99
14791,55
14792,22
14793,37
14794,98
14795,40
14796,98
14797,61
14798,56
14799,25
14800,85
14801,75
14802,12
14803,27
14804,18
14805,98
14806,19
14807,83
14808,45
14809,50
14810,3
14811,15
14812,6
14813,20
14814,46
14815,3
14816,53
14817,64
14818,37
14819,83
14820,62
14821,10
14822,41
14823,40
14824,83
14825,87
14826,21
14827,50
14828,28
14829,81
14830,3
14831,75
14832,62
14833,15
14834,15
14835,19
14836,52
14837,25
14838,1
14839,23
14840,25
14841,58
14842,71
14843,11
14844,20
14845,10
14846,60
14847,48
14848,70
14849,98
14850,16
14851,91
14852,70
14853,26
14854,31
14855,25
14856,62
14857,82
14858,45
14859,8
14860,98
14861,33
14862,23
14863,83
14864,20
14865,52
14866,34
14867,98
14868,15
14869,14
14870,11
14871,44
14872,91
14873,26
14874,91
14875,40
14876,48
14877,75
14878,27
14879,16
14880,93
14881,84
14882,81
14883,67
14884,57
14885,42
14886,23
14887,91
14888,25
14889,60
14890,61
14891,25
14892,16
14893,33
14894,41
14895,14
14896,19
14897,41
14898,93
14899,83
14900,10
14901,39
14902,81
14903,83
14904,0
14905,69
14906,91
14907,91
14908,27
14909,36
14910,36
14911,91
14912,70
14913,84
14914,98
14915,37
14916,81
14917,8
14918,54
14919,8
14920,81
14921,27
14922,13
14923,31
14924,71
14925,93
14926,62
14927,98
14928,54
14929,38
14930,58
14931,62
14932,19
14933,14
14934,52
14935,18
14936,38
14937,17
14938,54
14939,54
14940,99
14941,98
14942,54
14943,54
14944,48
14945,21
14946,81
14947,83
14948,45
14949,34
14950,20
14951,99
14952,16
14953,49
14954,22
14955,6
14956,0
14957,39
14958,3
14959,19
14960,85
14961,32
14962,61
14963,91
14964,13
14965,80
14966,25
14967,19
14968,38
14969,13
14970,38
14971,19
14972,70
14973,40
14974,6
14975,69
14976,59
14977,20
14978,40
14979,98
14980,54
14981,11
14982,55
14983,11
14984,10
14985,29
14986,91
14987,91
14988,10
14989,91
14990,83
14991,70
14992,34
14993,35
14994,44
14995,44
14996,48
14997,31
14998,42
14999,53
